buyer_name,total_invoices,total_value,avg_invoice_value,avg_delay,max_delay,paid_ratio,post_legal_share,concentration_ratio,reliability_score_target,predicted_reliability_score
Apex Manufacturing Pvt Ltd,1019,147295755,144549.31795878313,85.06869479882238,180,0.9106967615309126,0.06869479882237488,0.2513603071592021,51.519476128674505,54.1
Bright Foods Trading Co,562,33872268,60270.93950177936,30.2135231316726,180,0.9804270462633452,0.42170818505338076,0.057803048625935036,82.06737930036586,75.74
Kaveri Engineering Works,532,66362092,124740.77443609023,57.74248120300752,180,0.9755639097744361,0.3890977443609023,0.11324695561557242,68.26177723743024,69.6
Metro Infra Suppliers,640,110836530,173182.078125,72.025,180,0.9421875,0.375,0.18914261463448231,58.672684634137944,59.64
National Packaging House,542,38116629,70325.88376383764,34.14575645756457,180,0.9870848708487084,0.4188191881918819,0.06504605359002608,80.39755714733423,77.95
Shree Retail Distributors,592,47327848,79945.68918918919,45.829391891891895,180,0.9679054054054054,0.41385135135135137,0.08076500514535555,74.00460797947422,74.83
Urban Build Projects Ltd,566,89910515,158852.5,64.02473498233215,180,0.9399293286219081,0.42226148409893993,0.15343235565235433,62.838926091023296,62.42
Zenith Pharma Supplies,547,52272853,95562.802559415,40.38025594149909,180,0.9762340036563071,0.42047531992687387,0.08920365957707213,76.54577688351652,75.06
